{
  "meta_title": "",
  "meta_description": "",
  "sections": [
    {
      "type": "banner-slider",
      "autoplay": 9000,
      "full_width": false,
      "slides": [
        {
          "start": "2022-09-30T07:42:05.925Z",
          "end": "2022-12-31T07:42:10.177Z",
          "img": "/img/uploads/20220930_043135_0000.png",
          "alt": "Banner sample two",
          "mobile_img": "/img/uploads/20220930_043135_0000.png"
        }
      ]
    },
    {
      "type": "info-bar",
      "enabled": true
    },
    {
      "type": "collection-shelf",
      "shuffle": false,
      "collection_id": null,
      "sort": "offers",
      "title": "",
      "headless": true,
      "limit": 12,
      "page": 1
    },
    {
      "type": "page-title",
      "title": "Arrasta para o lado 👉🏼",
      "description": ""
    }
  ]
}